<?xml version="1.0" encoding="UTF-8"?>
<plugin_manifest xmlns="http://www.elgg.org/plugin_manifest/1.8">
	<name>File Tools</name>
	<author>ColdTrick IT Solutions</author>
	<version>2.0</version>
	<id>file_tools</id>
	<description>Extend the functionality of file</description>
	<website>http://www.coldtrick.com/</website>
	<repository>https://github.com/ColdTrick/file_tools</repository>
	<bugtracker>https://github.com/ColdTrick/file_tools/issues</bugtracker>
	<copyright>(C) ColdTrick IT Solutions 2012 - 2015</copyright>
	<license>GNU General Public License version 2</license>
	
	<requires>
		<type>elgg_release</type>
		<version>1.9</version>
	</requires>
	
	<requires>
		<type>plugin</type>
		<name>file</name>
	</requires>
	<requires>
		<type>priority</type>
		<plugin>file</plugin>
		<priority>after</priority>
	</requires>
	
	<suggests>
		<type>plugin</type>
		<name>categories</name>
	</suggests>
	
 	<category>ColdTrick</category>
</plugin_manifest>